{
  "baseline": 1.309357762336731,
  "motor_noise": 1.2466520071029663,
  "proprio_perturb": 0.2064119279384613
}