{
  "baseline": 1.3365076780319214,
  "motor_noise": 1.3378952741622925,
  "proprio_perturb": 0.10605776309967041
}